"","Treatment","Corn_NPP","Corn_NPP_CV","Soy_NPP","Soy_NPP_CV","Wheat_NPP","Wheat_NPP_CV","Rye_NPP","Rye_CV","Clover_NPP","Clover_CV","Vetch_NPP","Vetch_CV","Weeds_NPP","Weeds_CV"
"1","T1",5399.45368803191,0.493362629274473,2768.43245701357,0.474904642978404,3550.584296875,0.367897851162992,NA,NA,NA,NA,NA,NA,295.653654119318,1.737684122237
"2","T2",5802.64171786834,0.478412188380942,2971.61916276209,0.432428893478495,3650.57331490385,0.348236382581847,NA,NA,NA,NA,NA,NA,752.646657479956,1.67762653263465
"3","T3",5333.16277418905,0.502655010784265,2963.1439027972,0.444642657074469,2963.56483258929,0.367269076562025,1543.93447672194,0.665525480344343,1021.96801184211,0.784033444627245,930.401090425532,1.18634359185777,602.185218425606,1.39898529505007
"4","T4",4277.68388529412,0.490427758092199,2561.13642452738,0.452900403046541,1896.483553125,0.363693384597466,1699.06639375,0.680952341277197,1372.00488592657,0.717494346035872,753.216941489362,1.55585782585334,861.333535972669,1.0899369312315
"5","T7",NA,NA,NA,NA,NA,NA,NA,NA,NA,NA,NA,NA,6324.10053622159,0.613663003011268
